SITE_NAME,M_Result,M_Error,M_WT_Result,M_PH_Result,M_DIS_Result,M_TUR_Result,M_DS_Rain,M_Temp,N,E_std,R2,R22,PARM_INTERCIP,tSTAT_INTERCIP,PARM_WT,tSTAT_WT,PARM_PH,tSTAT_PH,PARM_DIS,tSTAT_DIS,PARM_TUR,tSTAT_TUR,PARM_DS_Rain,tSTAT_DS_Rain,PARM_AMB_TEMP,tSTAT_AMB_TEMP
Avery Deer Spring,22.29411765,-1.13E-14,22.62117647,7.304705882,6.514705882,3.241176471,11.82352941,21.7,17,19.22523232,0.647603459,0.8,-3.765426807,0.902374072,0.328419538,0.463421792,-1.442305139,0.729944127,0.254925069,0.883705996,1.450724279,0.042386899,0.970066394,0.00269019,0.067396404,0.863737207
Avery Springhouse Spring,17.4,-1.78E-16,23.3525,7.4185,6.6295,2.2705,11.45,21,20,13.70475051,0.294020823,0.4,3.293895278,0.949370595,0.14659157,0.810352078,0.692977459,0.934770146,-0.90720281,0.427852553,-1.160654917,0.622086041,0.07804362,0.873693046,0.385919898,0.336960809
Backdoor Spring,3.627254902,-6.97E-17,20.95235294,7.51372549,7.350588235,1.491176471,10.07843137,21.4,51,4.993679889,0.068213807,0.19,3.78547425,0.39473175,-0.079760107,0.211068138,-0.135039238,0.806801829,0.030166759,0.790703381,0.458326071,0.067891767,-0.029733006,0.438152157,0.019396925,0.582098966
Barton Creek @ Hwy 71 Downstream of Little Barton,44.32106383,-3.02E-14,23.26891253,7.525106383,7.204680851,3.328723404,12.91489362,20.3,47,32.5569414,0.134366222,0.26,13.40804908,0.870041995,-0.508285202,0.103737464,-0.422723797,0.96812234,4.50074374,0.017196026,-0.602792939,0.125076967,-0.396967894,0.353965524,0.701434882,0.143647893
Barton Creek @ Leif Johnson Pool,20.5,-1.78E-14,21.16454546,7.525,6.973181818,2.933636364,9.681818182,19.8,22,13.94856047,0.331892875,0.56,-10.75642391,0.850629858,1.267084136,0.163251919,5.424409255,0.448916407,-2.123023583,0.131249335,-1.239689961,0.043111045,-1.003714839,0.015888544,-0.406095265,0.195310479
Barton Creek @ Ogletree Pool,17.10758621,1.23E-16,23.50383142,7.536896552,8.148965517,2.334137931,13.51724138,20,29,12.86722807,0.132307102,0.55,113.9153572,0.084135537,0.934674133,0.106222812,-13.12621563,0.110053417,0.013394254,0.991807895,-6.435265657,0.020504134,-0.894113813,0.003688299,0.146163866,0.603898778
Barton Creek @ Recharge Pool,25.18181818,2.43E-14,22.64636364,7.679090909,9.470909091,4.820909091,9,19,11,16.54941987,0.664343745,0.96,-142.7473403,0.295310793,2.9334002,0.046584567,12.17322971,0.41141817,2.688574059,0.109018995,2.392131027,0.632534273,-0.689684047,0.329556042,-0.963066458,0.094420109
Barton Creek @ Shield Ranch Pool,45.41428571,-4.59E-14,20.73853175,7.423571429,7.340357143,3.121428571,12,20.7,28,36.80787404,0.167937039,0.42,37.12480082,0.815112342,1.737726919,0.201695876,-8.033602916,0.718901759,5.889766293,0.06217546,-4.246551801,0.139308003,1.108875872,0.155485934,-1.388908287,0.094770081
Barton Creek @ Stark Pool,47.648,-1.65E-14,21.216,7.4532,7.0944,1.2788,10.84,19.4,25,31.67640129,0.242906016,0.37,23.44092985,0.85794337,-0.346402054,0.818510051,-6.321724584,0.730014622,3.961247482,0.263042275,1.003680398,0.897908423,1.083903625,0.155378319,1.602111211,0.063351544
Barton Creek Between Dams Upstream of Pool,45.08048781,-1.11E-14,22.35615176,7.462439024,7.82,4.897073171,10.73170732,20.4,41,23.82080233,0.511351114,0.72,19.82856453,0.725535455,0.478426212,0.543916513,-1.382656679,0.85370901,-0.761548496,0.632301799,0.136559768,0.823544274,-1.248593651,0.001186091,1.980874483,1.68E-06
Barton Creek Downstream of Barton Spring Pool,54.26992481,8.55E-15,22.26822891,7.320075188,8.00518797,4.642781955,12.43609023,18.5,133,32.12919953,0.245646487,0.42,86.9386841,0.084361591,-0.900861247,0.293741798,-4.101774725,0.518408635,-1.120780786,0.337564852,-0.36703329,0.354105184,-1.322110038,3.26E-07,1.981170587,1.04E-08
Barton Creek Downstream of Lost Creek Blvd,29.57906977,8.92E-15,21.33351421,7.440697674,7.425348837,2.373488372,13.69767442,21,43,19.03097775,0.397444634,0.56,84.79031116,0.048109135,1.025685462,0.103487234,-9.565331182,0.059180832,-0.525053827,0.667765468,-0.179934832,0.80672314,-0.976162216,0.000148817,0.474054752,0.140980552
Barton Scenic Bluff Spring,16.47481482,-2.53E-14,20.41481482,7.516666667,7.132592593,2.894074074,9.62962963,21.5,27,19.87238802,0.394397976,0.32,59.79252784,0.323581368,0.387438546,0.734813278,-8.234104744,0.288975689,-0.982731789,0.517735444,-1.075048607,0.478774692,-0.559891227,0.242493921,0.824673071,0.13952025
Barton Spring,22.62452015,5.68E-14,21.48294946,7.476026871,7.034337812,2.723023033,11.93378119,21.4,1042,27.96234878,0.055070523,0.14,29.63254584,1.57068E-05,0.418231608,1.25236E-05,-3.198515785,0.000183367,0.115412599,0.574160116,0.081000284,0.412219534,-0.332744782,5.32E-23,0.100985884,0.050342067
Barton Spring Pool @ Downstream Dam,21.2379235,4.77E-15,21.30872617,7.488240437,7.015453552,2.565081967,11.74863388,21.4,915,26.57328948,0.100582281,0.19,6.946250881,0.341904774,0.170802277,0.099121279,0.647434466,0.486687602,0.417201147,0.054063835,-0.023709603,0.806792666,-0.470096399,4.03E-33,0.022925836,0.668773092
Barton Springs Pool @ Northern Steps (BS-S),20.45840708,4.94E-14,21.36361357,7.480575221,6.910077434,3.317621681,11.78318584,21.4,904,26.75122802,0.088928468,0.21,40.20266868,1.08E-08,0.279104947,0.010799421,-3.134288238,0.000362181,-0.425673966,0.039285951,0.006873526,0.911424942,-0.466747451,1.17E-34,-0.08601239,0.100098122
Bear Creek (West) @ Fritz Hughes Park Road,54.68636364,6.85E-14,18.42818182,7.798636364,10.57545455,6.196818182,10.95454546,20.4,22,32.66793018,0.458710752,0.76,-426.7917534,0.026488696,-0.440270851,0.78980898,39.1365821,0.093013697,11.41194036,0.082266316,2.303134176,0.244939413,-1.230344879,0.352406748,3.18735472,0.005186477
Bear Creek @ Bear Creek Pass,25.67391304,5.25E-15,21.99,7.44173913,6.83,1.513913044,7.565217391,17.7,23,23.78450929,0.115117909,0.56,-143.9840525,0.163563548,2.905897634,0.034750479,5.322948675,0.641302445,7.722338967,0.009781901,1.073978935,0.653445315,-1.396859242,0.226964085,1.457544985,0.043097408
Bear Creek @ Twin Creeks Road,45.75909091,-1.59E-15,24.38136364,7.247727273,6.455909091,91.93590909,6.5,19,22,29.62796346,0.178069321,0.21,139.8253899,0.416365531,0.388835785,0.59005485,-4.863745812,0.829672111,-4.734814455,0.48796138,-10.70046211,0.402218597,-0.448581408,0.858670113,-1.245224485,0.333740858
Bee Creek @ Lake Austin,32.29,-1.48E-14,20.29066667,7.565,8.819666667,9.012666667,5.933333333,17.5,30,17.75511721,0.488803319,0.73,-53.56641923,0.408713897,0.453594001,0.500423014,9.439819217,0.198178751,-0.815335148,0.673048236,-4.7676168,0.150418508,-2.308248756,0.007405802,2.037425458,7.96776E-05
Bee Creek @ Loop 360,68.06190476,-2.47E-14,19.30047619,7.497142857,8.06952381,2.361904762,7.142857143,19.2,21,36.36038413,0.145415033,0.59,116.2095238,0.550817129,3.983002653,0.058158724,-21.66598647,0.219085899,-1.943196939,0.768009257,13.25679792,0.208411209,0.841627612,0.536797265,0.57201241,0.558967772
Bee Creek @ Road Runner Road,42.47777778,-1.58E-15,20.34111111,7.397222222,8.295555556,1.339444444,5.944444444,16.3,18,28.61258007,0.330271475,0.65,-68.51973374,0.665245742,3.047324749,0.058715459,9.696989084,0.614388449,-8.171653137,0.163982364,9.966502722,0.576864375,0.009927002,0.994560779,1.232298637,0.230874536
Bull Creek  Upstream of Tributary 7 (Franklin),30.163125,-1.95E-14,19.72975,7.77675,7.4885,8.1885,8.025,17.3,80,26.90033315,0.15301145,0.45,-59.11411921,0.167477626,-1.84326966,0.001922676,12.67702304,0.01499852,0.230885293,0.815231582,-0.124725105,0.524605565,-0.605683115,0.016108986,1.570000786,5.56E-07
Bull Creek 100 ft Upstream of Loop 360 (S xing),57.58333333,7.11E-15,21.38416667,7.308333333,8.611666667,12.98833333,11.41666667,18.1,12,27.33372701,0.515830902,0.73,-628.1217033,0.315562767,1.010174039,0.903677354,75.12174151,0.237590198,9.602405566,0.417235575,3.211314964,0.523493672,-1.373108454,0.290749326,2.57296049,0.152588471
Bull Creek 140 ft Upstream of Lakewood Drive,77,-2.19E-14,21.42153846,7.296923077,7.675384615,2.44,14.38461539,12.4,13,26.3274771,0.632256052,0.79,3.701156336,0.98879749,1.494813692,0.624924834,-0.515289614,0.986373805,-0.24174208,0.985848163,-3.345531452,0.807588821,-0.214610395,0.910575909,3.938053753,0.209515877
Bull Creek 375 ft Upstream of Lakewood Drive,50.33863636,-1.45E-14,19.91136364,7.572727273,7.545681818,5.795,14.45454546,15.7,44,29.54440497,0.167588084,0.26,178.3909276,0.084105615,-1.46436835,0.304732314,-10.66604231,0.341759707,-2.226173212,0.314459027,-0.473228011,0.193962981,-0.696850549,0.024312027,0.643291072,0.185913603
Bull Creek 600 ft Upstream of Lakewood Drive,46.21428571,-7.11E-15,22.815,7.172857143,7.211428571,6.139285714,15.35714286,13,14,18.04489972,0.776860328,0.98,-208.8754477,0.006726332,0.829083072,0.277626023,33.77840674,0.005189732,-1.298166478,0.425416763,-1.487886033,0.007571959,-1.596971646,0.005672174,2.607638667,0.000788627
Bull Creek 90 ft Upstream of Lakewood Drive,60.5,5.15E-14,20.690625,7.180625,8.0175,3.428125,15.0625,12.6,16,28.44284842,0.476400829,0.87,-19.47357084,0.889537668,1.412732188,0.349014299,29.71907375,0.172541286,-4.816251764,0.494340114,-16.00985805,0.043380644,-4.297155575,0.01356103,-0.552316242,0.677748012
Bull Creek @ Bull Creek Dist Park (Lakewood Dr),55.02172414,-3.82E-14,19.92131035,7.597896552,7.842482759,7.241655172,11.69310345,20.1,290,34.25753658,0.192530938,0.34,187.1151113,2.12E-06,0.58937165,0.215475903,-18.37066083,0.000173546,1.337634924,0.062037698,0.673494193,0.000945571,-1.37130143,6.96E-14,-0.38286451,0.068200107
Bull Creek @ Loop 360 First Crossing,69.27819549,-4.47E-14,20.41112782,7.605300752,7.837631579,7.546917293,10.03007519,16.9,266,33.65334955,0.155698918,0.36,42.53615057,0.246233239,-0.789982769,0.133222101,2.035184481,0.644327846,-0.117753848,0.883895171,0.108259921,0.633537319,-1.071205804,1.67189E-05,2.093357975,3.44E-19
Bull Creek @ Spicewood Springs Crossing 1,35.42045455,-2.76E-14,20.5075,7.588409091,7.877727273,13.17545455,10.59090909,22.1,44,22.25889649,0.221438766,0.39,-7.825992977,0.880463965,1.285459405,0.10828964,4.207343516,0.482379881,-1.445917083,0.380806723,-0.100578965,0.557757457,-1.045913453,0.000801532,0.26800275,0.426445595
Bull Creek @ St. Edwards Park,12.24210526,-9.91E-15,22.12631579,7.405789474,6.552631579,7.526842105,6.052631579,25.6,19,6.107997773,0.440891588,0.75,33.80979378,0.197861685,-0.67251933,0.59709726,-4.928801007,0.19039132,0.553443739,0.519363496,0.779470538,0.003811814,-1.010969279,0.473336898,1.004274774,0.572541079
Bull Creek @ St. Edwards Park Upstream of dam,38.88653846,3.01E-15,21.29384615,7.479230769,7.853269231,18.00019231,7.038461539,16.5,52,29.9759048,0.09099443,0.21,-117.3226313,0.088285287,0.379944907,0.651998557,15.27346279,0.074041265,2.680287037,0.081926114,0.324452136,0.215025881,-0.444226506,0.51955212,0.020314443,0.96173636
Bull Creek Trib 2 Upstream of Stillhouse Trib (EI),48.63809524,-2.03E-15,21.71476191,7.650952381,7.322380952,3.706666667,10.52380952,16.7,21,23.44175723,0.599858596,0.78,-317.3311193,0.068121863,-0.018178924,0.994525038,49.77740419,0.012966212,-3.41795805,0.254065942,0.87216227,0.676088773,-1.450515023,0.02598937,1.64032931,0.167102727
Bull Creek Upstream of West Bull Creek,65.08125,1.40E-13,20.924375,7.405,8.15375,13.981875,3.4375,20.5,16,29.85200493,0.426886366,0.75,77.0967914,0.929462919,-1.394928356,0.841393772,-20.83131072,0.838792824,8.700679233,0.171980675,1.425373756,0.402636302,3.239482235,0.657455479,3.350960579,0.402977102
Canyon Creek Spring 1 (Tubb Spring),9.888888889,3.08E-14,21.47333333,7.582777778,7.726666667,15.27444444,11.44444444,20.4,18,12.90189452,0.449431256,0.2,46.73810298,0.553324835,-0.739190696,0.412984102,-3.532697106,0.711667585,-0.209047351,0.910249815,-0.352625475,0.470648867,-0.101336857,0.831075715,0.531098694,0.223354219
Cold Spring,11.38581818,9.69E-15,20.93327273,7.631272727,7.198363636,5.562727273,9.872727273,21.7,55,20.650408,0.177921162,0.2,29.25255856,0.079614157,0.055029696,0.83867567,-3.219129821,0.168761672,0.23065079,0.632880679,0.046550742,0.620145324,-0.3712553,0.017402478,-0.005365692,0.963147493
Common Ford Tributary in Common Ford Metro Park,31.34666667,4.17E-13,15.28866667,7.773333333,6.089333333,6.58,8.333333333,18,15,14.7481633,0.757928654,0.75,-463.7005303,0.26066267,2.752554592,0.37737264,64.18664633,0.242888044,-10.02086746,0.14676149,2.108803119,0.221143984,-3.510856534,0.065503273,1.612530119,0.157109883
Cottonmouth Creek @ Dee Gabriel Collins Rd,41.57857143,5.08E-15,18.09,7.864285714,6.999285714,2.297857143,9.428571429,20.6,14,18.15425215,0.425835314,0.73,0.890604101,0.997475869,2.419526289,0.483616403,-2.188488175,0.952729148,-2.910348585,0.425270007,7.111896379,0.070307975,-1.387618086,0.33387006,1.514078579,0.213304349
Cuernavaca Creek @ River Hills Road,54.41666667,-1.30E-13,23.59666667,7.808333333,8.083333333,2.425,6.75,16.4,12,11.31613775,0.853147303,0.97,536.4997017,0.024373199,-0.507553285,0.696389407,-53.44408026,0.042368548,-5.325037584,0.070888179,-1.270483463,0.640056256,3.502556868,0.012058219,-1.498932353,0.176926416
Decker Creek @ Gilbert Rd,26.23333333,-4.26E-14,20.33208333,7.85,8.6125,1.26875,13.41666667,21.7,24,23.65486093,0.41240264,0.38,-103.6187059,0.586849699,-1.827012946,0.209389598,20.42438667,0.371878988,1.275288961,0.23124965,0.682853062,0.909647013,0.18009911,0.776427629,-0.590830325,0.17407328
Dry Creek (North) @ Mt Bonnel Rd,73.7,3.93E-14,20.83266667,7.485333333,5.270666667,3.435333333,7.533333333,15.9,15,24.11567666,0.534883391,0.74,-110.7286223,0.626958983,8.607656733,0.018544708,0.303350435,0.991363477,-4.316552722,0.212313761,6.727581539,0.374490723,-1.071908603,0.621247888,1.904538843,0.209660359
Dry Creek @ Pearce Road,31.66875,3.33E-15,15.27375,7.64125,7.7725,1.558125,11.4375,22.6,16,24.14548933,0.340379768,0.3,-269.5637596,0.477858448,2.027368664,0.677219942,42.5211752,0.452877202,-3.113534623,0.594636015,0.89114366,0.967435068,-0.095867089,0.957599871,-1.186736839,0.445439528
Dry Creek @ Wolf Lane,59.39090909,-6.04E-14,16.46727273,7.661818182,7.037272727,1.846363636,8.272727273,19.6,11,20.04759154,0.567699412,0.74,-570.0273383,0.561942598,1.358134041,0.940196502,96.46614868,0.407741072,-10.67544145,0.327767629,-31.98553041,0.65717839,0.231471766,0.922101139,-1.884484192,0.811780791
Eliza Spring,18.57287129,1.58E-15,21.69366337,7.506435644,7.046831683,2.094356436,13.26732673,21.8,101,23.89756236,0.05734978,0.16,10.30439353,0.6533201,0.273586255,0.425325508,-1.596486623,0.546064595,1.232734285,0.040844532,0.357920226,0.359987506,-0.241952335,0.007453582,0.047671415,0.76027159
Fern Gully Spring,4.8125,-2.43E-15,20.211875,7.52125,7.65,18.005,12.5625,19.9,16,1.745650624,0.669818933,0.71,7.449986444,0.775356678,0.154013934,0.431648327,-1.966608749,0.518006494,1.156613362,0.285855342,-0.057215646,0.281064757,-0.026453668,0.871998302,0.071581565,0.573320097
Gilleland Creek @ FM 969,83.78235294,-2.51E-15,21.10941177,7.871764706,7.695882353,4.842941177,15.70588235,15.3,17,31.86744151,0.139933178,0.56,469.0561914,0.533385467,3.310727624,0.285707841,-60.77838907,0.532040281,4.526996568,0.408567434,3.903026015,0.179559365,-2.85780474,0.115514576,1.220265687,0.464256269
Gilleland Creek @ FM 973,59.58578947,7.26E-14,22.16105263,7.702105263,8.24631579,7.124210526,12.10526316,21.2,19,31.84136569,0.2575374,0.73,-128.7079323,0.598130824,0.326011532,0.896431112,12.19346985,0.66839319,1.345219739,0.724326514,-1.118292876,0.251714641,3.318696502,0.007141798,1.693427678,0.048911213
Gilleland Creek @ West Parsons St,74.82727273,-2.94E-14,21.18,7.780909091,8.116363636,6.483636364,10.45454546,18.5,11,12.11906634,0.800784357,0.96,-289.8461479,0.504264063,6.153091834,0.121159005,8.080534927,0.894534976,29.75220798,0.095139427,-1.416247887,0.776533554,-0.169974463,0.907302044,-4.627191307,0.132358825
Hill Marsh Spring,21.07142857,5.33E-15,20.46428571,7.497857143,6.285,11.40642857,11.42857143,20.2,14,27.39060666,0.209174912,0.27,139.0719332,0.763461511,1.476557713,0.551863562,-19.03604167,0.724597901,-3.248152234,0.688715517,-1.034957428,0.731167893,0.843092352,0.758982344,0.581101105,0.785309834
Lady Bird Lake @ 1st St (CC),52.32105263,-2.69E-14,20.58236842,7.72131579,6.841447368,2.843421053,11.15789474,22.2,76,27.25073746,0.084659139,0.11,74.5357004,0.341512946,-0.391912332,0.72087334,-1.735478862,0.850956133,-1.133048331,0.410523103,1.050214851,0.392886882,-0.504253766,0.038984599,0.382246937,0.368210653
Lady Bird Lake @ Basin (AC),24.02367816,-1.31E-14,21.0908046,7.719195402,6.671954023,3.57954023,10.98850575,22,87,23.64301639,0.081890032,0.2,49.67099152,0.317122056,-1.543027126,0.006853315,0.521648619,0.9317278,0.742899083,0.386042208,0.190602963,0.724373421,-0.506860668,0.020642225,-0.236989741,0.327002407
Lady Bird Lake @ Lamar (DC),60.03571429,3.40E-14,20.05857143,7.72,6.672142857,2.839642857,9.107142857,21.6,28,31.57166665,0.245060994,0.49,313.6960907,0.152113699,-2.285644567,0.348388797,-27.78166559,0.311448346,-3.649025223,0.143223015,-3.546480852,0.535740399,0.949101216,0.221431669,1.336895468,0.102111939
Lady Bird Lake @ Mopac Bridge,23.24242424,3.10E-14,19.36030303,7.646666667,6.948181818,3.676060606,8.090909091,21.5,33,24.28741284,0.361820582,0.64,390.8521794,0.001048472,-4.468472824,0.000124787,-40.87544222,0.002545503,2.298398252,0.112185773,-1.076728251,0.137269791,0.247696833,0.648039934,0.554792424,0.286229718
Lady Bird Lake @ Red Bud Isle (EC),14.30828571,-3.90E-14,20.2704,7.685942857,6.906685714,3.590914286,10.2,22.2,175,18.34646301,0.079452753,0.15,55.03442313,0.00065882,-0.228740057,0.233544779,-4.651324312,0.029980154,-0.485155771,0.151469866,0.318685998,0.085144621,-0.195146168,0.003643018,0.016480147,0.865359119
Lake Creek @ Shadowbrook Club,70.12142857,-6.24E-14,20.36714286,7.63,6.426428571,2.021428571,6.714285714,18,14,26.18416185,0.583008982,0.92,306.7693789,0.201866437,-4.863926334,0.387391409,2.887920803,0.889362359,-17.46807829,0.046217293,-0.432326867,0.968829356,1.178692272,0.483057397,-2.388444609,0.037730458
Lake Creek @ Sugar Berry Cove,54.23888889,6.71E-15,19.77444444,7.623333333,6.048888889,2.162777778,6.277777778,16,18,33.36505016,0.316675989,0.68,245.0134582,0.328819318,-0.100643731,0.96387674,-46.05191847,0.191113551,18.88851851,0.052402188,5.100793844,0.353677357,-1.110785563,0.509035721,2.623609496,0.107443881
Lake Creek Downstream of Meadowheath Drive,34.88,7.03E-14,22.19,7.462,6.1825,1.273,8.5,20.8,20,23.25479976,0.315306578,0.4,131.3354083,0.419905327,-0.364112362,0.791551501,-18.13138367,0.360131888,2.352179181,0.669308978,8.872172216,0.299577384,0.342839157,0.704953759,0.714959999,0.367462404
Little Barton Creek @ Barton Creek (LBC),20.98695652,-2.77E-14,19.11607457,7.356521739,7.357826087,2.73,6.652173913,19.1,23,14.50614372,0.328033891,0.3,147.0821706,0.305633588,-1.252959209,0.369621751,-16.28159364,0.365883794,3.120833451,0.342493285,-0.724885435,0.787698834,-0.821646998,0.216980919,0.06739489,0.887327352
Little Barton Creek @ Great Divide Dr,49.672,-7.11E-15,301.626525,7.4344,7.4928,2.6868,6.72,19.3,25,27.64159393,0.383564477,0.74,-46.75462876,0.528631584,-1.023068049,0.265583998,5.422796065,0.581662636,8.55224892,0.004437282,-8.092390109,0.001458132,-1.706031906,0.038662602,1.752920785,0.002654244
Little Barton Creek @ Hamilton Pool Rd,38.14444444,5.17E-14,19.4344888,7.525555556,6.844444444,2.533888889,6.833333333,16.9,18,16.77312729,0.672430248,0.85,69.08020036,0.546891723,-0.035210755,0.985117145,-0.83109157,0.943280638,6.440571216,0.211775871,-7.809779072,0.009456644,-1.851011248,0.13917574,-1.904254197,0.031772125
Little Barton Creek upstream of Hamilton Pool Rd,68.95454546,5.68E-14,664.9563859,7.230909091,6.678181818,14.65090909,13.72727273,14.9,11,22.63653473,0.593982779,0.98,533.8254184,0.088022052,0.454729235,0.95008188,-80.4409028,0.142975295,-0.101406587,0.990956295,13.92883524,0.062551005,-4.306137615,0.033674071,6.758073348,0.063892144
Little Bear @ Ashmun Property,32.89090909,4.33E-14,22.55576773,7.504545455,6.491818182,1.592727273,8.272727273,18.3,11,10.88837682,0.836928005,0.99,-274.405199,0.139124619,8.548444428,0.075362609,-14.86998227,0.457191797,27.55079317,0.052488106,20.39365807,0.02281349,-2.558934072,0.0516927,1.490671184,0.21776784
Little Bear Creek @ Bear Creek,32.94666667,-1.89E-15,494.3188165,7.534666667,6.379333333,1.958,7.8,18.2,15,14.16925974,0.674329452,0.89,-363.8921119,0.011469445,-0.069560902,0.984498017,55.50540462,0.004246339,-4.431208825,0.593051174,-4.253555309,0.283966511,-1.3001034,0.448981775,1.376871961,0.081502606
Little Walnut @ Cameron Rd,58.4375,1.69E-14,1347.69945,7.423125,7.955,2.998125,16.8125,21.2,16,26.99791013,0.2351655,0.65,-2.649243198,0.987435016,0.007839598,0.296050907,31.1682994,0.363249148,-28.4191092,0.095044175,3.714210905,0.327410462,-1.074951126,0.090214927,3.051269054,0.115407795
Little Walnut Creek @ Georgian Dr,74.87692308,-7.71E-14,565.5220321,7.326923077,7.437692308,1.584615385,16.38461539,18.1,13,16.62847173,0.559487605,0.94,1102.493596,0.002634676,2.277972857,0.261073129,-128.5368934,0.003689572,-15.23154571,0.026595983,-10.68786026,0.036365005,-1.464354753,0.01683582,1.842420223,0.051933372
Little Walnut Creek @ US183,43.73809524,1.02E-14,357.5237979,7.377142857,8.203333333,2.117142857,14.85714286,22.3,21,21.58385293,0.197418706,0.54,184.4782227,0.096283793,0.332793102,0.884869355,-3.374872578,0.797816149,-12.2858856,0.078825527,-13.81797368,0.01888295,0.522691391,0.232552063,-0.029422648,0.962456
Marble Creek @ Thaxton Road (M2),29.725,-5.27E-14,611.7413504,7.379166667,7.674166667,4.586666667,8.333333333,19.7,12,26.76802301,0.526332072,0.72,540.3595261,0.126271008,-0.987599824,0.851455151,-62.32143925,0.155526511,1.997762726,0.874204911,-4.715543933,0.142035144,1.87392444,0.495911492,-2.467463117,0.221609289
North Boggy Creek @ Delwau Lane,49.69230769,2.90E-14,18.75923077,7.792307692,7.024615385,6.447692308,11.07692308,21,13,15.4853566,0.768549252,0.91,275.1794596,0.18118641,-7.179666283,0.02047486,-5.00470686,0.759837704,-6.553263721,0.683726613,1.963890049,0.631715857,-2.202229635,0.044294214,0.663775703,0.828497582
Old Mill (Sunken Gardens) Spring,21.22868853,-4.66E-15,22.65688525,7.538360656,6.993934426,2.902295082,10,21.9,61,30.31337973,0.13640814,0.19,-9.565471221,0.826297513,0.910748477,0.215157074,1.164672063,0.813251517,0.688743747,0.496207,-0.161485139,0.511353907,-0.822537502,0.008681005,-0.099615672,0.731164603
Onion Creek @ McKinney Falls ds Lower Falls,39.52379958,-5.42E-15,2622.851431,7.633346555,8.605490605,3.279770355,10.1691023,21.2,479,31.57968602,0.080637851,0.18,-9.729794515,0.609987026,0.000505486,0.459599683,2.373115312,0.341744382,1.702867925,0.007495324,-0.175171984,0.509813781,-0.564385296,4.98E-10,0.653646696,2.33E-06
Onion Creek @ Mckinney Falls Upper Pool,35.46004184,2.07E-14,390.3477814,7.59998954,8.638723849,4.524539749,9.991631799,21.3,478,29.31026964,0.038076871,0.11,35.19101496,0.063512624,0.001428833,0.089785884,-2.093885205,0.413121736,2.547343672,4.37E-06,0.211901463,0.114847886,-0.362775914,8.92156E-05,-0.495360175,0.000079531
Onion Creek @ South Austin Regional WWTP (SAR),61.87391304,4.02E-15,634.9445652,7.574347826,9.152173913,1.867826087,11.34782609,21.1,23,27.42309595,0.069697608,0.14,328.3390646,0.188341199,-0.001041956,0.812577043,-33.58305866,0.327075702,1.928802523,0.740001389,-6.056484929,0.562559394,-0.001199237,0.99872016,-0.900712746,0.421112357
Onion Creek @ Twin Creeks Road (OC1),47.15,1.07E-15,373.127,7.573,9.141,2.2465,9.7,19.8,20,25.88316887,0.35206048,0.74,214.8307838,0.207422694,1.893151147,0.41503525,-31.6295296,0.192787435,6.856496319,0.210020861,18.44174994,0.015382261,-1.050688288,0.198538416,-2.740696922,0.008372179
Onion Creek Upstream of Footbridge (OC3),56.57857143,-1.56E-13,524.5328571,7.732142857,8.703571429,33.72928571,13.78571429,22.6,14,24.9363419,0.257869413,0.46,270.3205797,0.713942875,3.576359549,0.448861865,-42.91045925,0.601240128,3.925190299,0.783909512,22.35577474,0.219049833,-1.648966642,0.387246834,-0.48856348,0.70908622
Onion Creek at Pfulman Ranch,28.87105263,-5.89E-15,393.3689474,7.476842105,8.892105263,4.356842105,7.236842105,21.3,38,23.92585472,0.29804549,0.42,275.7177232,0.012705198,-0.471352737,0.15336364,-43.47512182,0.006289381,4.855279771,0.031281884,5.255144923,0.107069635,0.339030419,0.62184249,1.506839684,0.006806105
Onion Creek near Driftwood (Hwy 150),72.47619048,3.59E-14,18.65547619,7.620952381,8.759047619,2.135714286,5.523809524,19.4,21,27.65920904,0.458887876,0.76,-209.4597072,0.453109114,1.22809518,0.500432094,24.15468905,0.55299294,8.563528299,0.14977435,-6.119016671,0.144197449,1.131540963,0.653852744,0.986365234,0.229029137
Rimrock Spring 67,18.4325,6.40E-14,25.21666667,7.3475,7.19,6.854166667,9.916666667,16,12,19.67414114,0.513755592,0.6,-129.5280345,0.623435078,4.920055122,0.653487432,2.771404312,0.948593402,6.231401494,0.320969928,-5.379124119,0.782939157,-1.298599277,0.465478772,-0.062406752,0.981939482
Tributary 5 ds Hanks Tract Property Line,48.68333333,-1.61E-14,20.45266667,7.873666667,7.353666667,15.158,9.266666667,21.9,30,30.71371975,0.334597403,0.46,226.0971741,0.28720961,-0.933454427,0.435958423,-19.7366775,0.418289487,-0.722249375,0.850978054,0.754412725,0.033652977,-1.325953694,0.108210543,-0.395878458,0.583070544
Tributary 6 @ Bull Creek (EG),49.85740741,1.16E-14,21.69907407,7.595,7.055740741,10.98333333,9.518518519,20.6,54,27.26581403,0.295036745,0.54,2.509215063,0.979947664,-0.015563223,0.986175801,3.108144878,0.799540056,-3.696725813,0.059647616,1.415340151,4.51242E-05,0.094790118,0.872815665,1.580845229,0.003735517
Upper Barton Spring,14.52863636,6.78E-15,20.32568182,7.375909091,7.08,2.252272727,9.590909091,22.9,44,24.84258634,0.11201585,0.28,39.64687042,0.199560578,0.206087253,0.707869437,-4.807918692,0.176289313,-0.950140745,0.121560927,-0.56667291,0.420036765,-0.264106393,0.232694162,0.317303471,0.141615953
Westlake Davenport Trib 1 D/S Westlake Drive,59.01764706,-2.26E-14,22.84352941,7.564705882,5.395882353,10.62352941,6.823529412,17.2,17,31.34772053,0.41833585,0.67,725.189104,0.301344222,-24.73792759,0.019835836,-13.76864341,0.867443815,2.314297135,0.910185676,0.707605069,0.26251969,0.050573412,0.987617479,-1.30453444,0.401113107
